student10_1.c, E-RP-05, dlho aktívna premenná, 2
student10_1.c, E-RP-07, neoptimálne využívanie premenných, 1
student10_2.c, E-RP-05, dlho aktívna premenná, 2
student10_2.c, E-RP-07, neoptimálne využívanie premenných, 1
student10_3.c, E-RP-05, dlho aktívna premenná, 2
student10_3.c, E-RP-07, neoptimálne využívanie premenných, 1
student10_4.c, E-RP-05, dlho aktívna premenná, 2
student10_4.c, E-RP-07, neoptimálne využívanie premenných, 1
student10_5.c, E-RP-05, dlho aktívna premenná, 2
student10_5.c, E-RP-07, neoptimálne využívanie premenných, 1
student10_6.c, E-SmA-02, viacnásobná deklarácia premennej, 1
student10_6.c, E-RP-05, dlho aktívna premenná, 8
student10_7.c, E-SmA-02, viacnásobná deklarácia premennej, 1
student10_7.c, E-RP-05, dlho aktívna premenná, 8
student10_8.c, E-SmA-02, viacnásobná deklarácia premennej, 1
student10_8.c, E-RP-05, dlho aktívna premenná, 8
student11_1.c, E-RP-05, dlho aktívna premenná, 7
student11_1.c, E-RP-07, neoptimálne využívanie premenných, 1
student11_1.c, W-01, využívanie globálnej premennej, 2
student11_2.c, E-RP-05, dlho aktívna premenná, 6
student11_2.c, E-RP-07, neoptimálne využívanie premenných, 1
student11_2.c, W-01, využívanie globálnej premennej, 2
student11_3.c, E-RP-05, dlho aktívna premenná, 5
student11_3.c, E-RP-07, neoptimálne využívanie premenných, 1
student11_3.c, W-01, využívanie globálnej premennej, 2
student11_4.c, E-RP-05, dlho aktívna premenná, 5
student11_4.c, E-RP-07, neoptimálne využívanie premenných, 1
student11_4.c, W-01, využívanie globálnej premennej, 2
student11_5.c, E-RP-05, dlho aktívna premenná, 5
student11_5.c, E-RP-07, neoptimálne využívanie premenných, 1
student11_5.c, W-01, využívanie globálnej premennej, 2
student12_1.c, E-RP-05, dlho aktívna premenná, 2
student12_1.c, E-RP-07, neoptimálne využívanie premenných, 1
student12_2.c, E-RP-05, dlho aktívna premenná, 2
student12_2.c, E-RP-07, neoptimálne využívanie premenných, 1
student12_3.c, E-RP-05, dlho aktívna premenná, 3
student12_3.c, E-RP-07, neoptimálne využívanie premenných, 1
student12_4.c, E-RP-05, dlho aktívna premenná, 5
student12_4.c, E-RP-07, neoptimálne využívanie premenných, 1
student12_5.c, E-RP-05, dlho aktívna premenná, 6
student12_5.c, E-RP-07, neoptimálne využívanie premenných, 1
student12_6.c, E-RP-05, dlho aktívna premenná, 6
student12_6.c, E-RP-07, neoptimálne využívanie premenných, 1
student13_1.c, E-RP-05, dlho aktívna premenná, 3
student13_1.c, E-RP-07, neoptimálne využívanie premenných, 1
student13_2.c, E-RP-05, dlho aktívna premenná, 3
student13_2.c, E-RP-07, neoptimálne využívanie premenných, 1
student13_3.c, E-RP-05, dlho aktívna premenná, 3
student13_3.c, E-RP-07, neoptimálne využívanie premenných, 1
student13_4.c, E-RP-05, dlho aktívna premenná, 4
student13_4.c, E-RP-07, neoptimálne využívanie premenných, 1
student13_5.c, E-RP-05, dlho aktívna premenná, 5
student13_5.c, E-RP-07, neoptimálne využívanie premenných, 1
student14_1.c, E-RP-05, dlho aktívna premenná, 13
student14_1.c, E-RP-07, neoptimálne využívanie premenných, 1
student14_1.c, W-01, využívanie globálnej premennej, 1
student14_10.c, E-RP-05, dlho aktívna premenná, 11
student14_10.c, E-RP-07, neoptimálne využívanie premenných, 1
student14_10.c, W-01, využívanie globálnej premennej, 1
student14_11.c, E-RP-05, dlho aktívna premenná, 11
student14_11.c, E-RP-07, neoptimálne využívanie premenných, 1
student14_11.c, W-01, využívanie globálnej premennej, 1
student14_12.c, E-RP-05, dlho aktívna premenná, 11
student14_12.c, E-RP-07, neoptimálne využívanie premenných, 1
student14_12.c, W-01, využívanie globálnej premennej, 1
student14_13.c, E-RP-05, dlho aktívna premenná, 11
student14_13.c, E-RP-07, neoptimálne využívanie premenných, 1
student14_13.c, W-01, využívanie globálnej premennej, 1
student14_14.c, E-RP-05, dlho aktívna premenná, 11
student14_14.c, E-RP-07, neoptimálne využívanie premenných, 1
student14_14.c, W-01, využívanie globálnej premennej, 1
student14_15.c, E-RP-05, dlho aktívna premenná, 11
student14_15.c, E-RP-07, neoptimálne využívanie premenných, 1
student14_15.c, W-01, využívanie globálnej premennej, 1
student14_16.c, E-RP-05, dlho aktívna premenná, 11
student14_16.c, E-RP-07, neoptimálne využívanie premenných, 1
student14_16.c, W-01, využívanie globálnej premennej, 1
student14_17.c, E-RP-05, dlho aktívna premenná, 14
student14_17.c, E-RP-07, neoptimálne využívanie premenných, 1
student14_17.c, W-01, využívanie globálnej premennej, 1
student14_18.c, E-RP-05, dlho aktívna premenná, 14
student14_18.c, E-RP-07, neoptimálne využívanie premenných, 1
student14_18.c, W-01, využívanie globálnej premennej, 1
student14_2.c, E-RP-05, dlho aktívna premenná, 11
student14_2.c, E-RP-07, neoptimálne využívanie premenných, 1
student14_2.c, W-01, využívanie globálnej premennej, 1
student14_3.c, E-RP-05, dlho aktívna premenná, 11
student14_3.c, E-RP-07, neoptimálne využívanie premenných, 1
student14_3.c, W-01, využívanie globálnej premennej, 1
student14_4.c, E-RP-05, dlho aktívna premenná, 11
student14_4.c, E-RP-07, neoptimálne využívanie premenných, 1
student14_4.c, W-01, využívanie globálnej premennej, 1
student14_5.c, E-RP-05, dlho aktívna premenná, 11
student14_5.c, E-RP-07, neoptimálne využívanie premenných, 1
student14_5.c, W-01, využívanie globálnej premennej, 1
student14_6.c, E-RP-05, dlho aktívna premenná, 11
student14_6.c, E-RP-07, neoptimálne využívanie premenných, 1
student14_6.c, W-01, využívanie globálnej premennej, 1
student14_7.c, E-RP-05, dlho aktívna premenná, 11
student14_7.c, E-RP-07, neoptimálne využívanie premenných, 1
student14_7.c, W-01, využívanie globálnej premennej, 1
student14_8.c, E-RP-05, dlho aktívna premenná, 11
student14_8.c, E-RP-07, neoptimálne využívanie premenných, 1
student14_8.c, W-01, využívanie globálnej premennej, 1
student14_9.c, E-RP-05, dlho aktívna premenná, 11
student14_9.c, E-RP-07, neoptimálne využívanie premenných, 1
student14_9.c, W-01, využívanie globálnej premennej, 1
student15_1.c, E-RP-05, dlho aktívna premenná, 2
student15_1.c, E-RP-07, neoptimálne využívanie premenných, 1
student15_2.c, E-RP-05, dlho aktívna premenná, 3
student15_2.c, E-RP-07, neoptimálne využívanie premenných, 1
student16_1.c, E-RP-05, dlho aktívna premenná, 4
student16_1.c, E-RP-07, neoptimálne využívanie premenných, 1
student16_1.c, W-01, využívanie globálnej premennej, 6
student16_10.c, E-RP-05, dlho aktívna premenná, 8
student16_10.c, E-RP-07, neoptimálne využívanie premenných, 1
student16_10.c, W-01, využívanie globálnej premennej, 8
student16_11.c, E-RP-05, dlho aktívna premenná, 9
student16_11.c, E-RP-07, neoptimálne využívanie premenných, 1
student16_12.c, E-RP-05, dlho aktívna premenná, 9
student16_12.c, E-RP-07, neoptimálne využívanie premenných, 1
student16_13.c, E-RP-05, dlho aktívna premenná, 9
student16_13.c, E-RP-07, neoptimálne využívanie premenných, 1
student16_14.c, E-RP-05, dlho aktívna premenná, 8
student16_14.c, E-RP-07, neoptimálne využívanie premenných, 1
student16_15.c, E-RP-05, dlho aktívna premenná, 8
student16_15.c, E-RP-07, neoptimálne využívanie premenných, 1
student16_2.c, E-RP-05, dlho aktívna premenná, 4
student16_2.c, E-RP-07, neoptimálne využívanie premenných, 1
student16_2.c, W-01, využívanie globálnej premennej, 6
student16_3.c, E-RP-05, dlho aktívna premenná, 4
student16_3.c, E-RP-07, neoptimálne využívanie premenných, 1
student16_3.c, W-01, využívanie globálnej premennej, 6
student16_4.c, E-RP-05, dlho aktívna premenná, 8
student16_4.c, E-RP-07, neoptimálne využívanie premenných, 1
student16_4.c, W-01, využívanie globálnej premennej, 8
student16_5.c, E-RP-05, dlho aktívna premenná, 8
student16_5.c, E-RP-07, neoptimálne využívanie premenných, 1
student16_5.c, W-01, využívanie globálnej premennej, 8
student16_6.c, E-RP-05, dlho aktívna premenná, 8
student16_6.c, E-RP-07, neoptimálne využívanie premenných, 1
student16_6.c, W-01, využívanie globálnej premennej, 8
student16_7.c, E-RP-05, dlho aktívna premenná, 8
student16_7.c, E-RP-07, neoptimálne využívanie premenných, 1
student16_7.c, W-01, využívanie globálnej premennej, 8
student16_8.c, E-RP-05, dlho aktívna premenná, 8
student16_8.c, E-RP-07, neoptimálne využívanie premenných, 1
student16_8.c, W-01, využívanie globálnej premennej, 8
student16_9.c, E-RP-05, dlho aktívna premenná, 8
student16_9.c, E-RP-07, neoptimálne využívanie premenných, 1
student16_9.c, W-01, využívanie globálnej premennej, 8
student17_1.c, E-RP-05, dlho aktívna premenná, 9
student17_1.c, E-RP-07, neoptimálne využívanie premenných, 1
student17_1.c, W-01, využívanie globálnej premennej, 2
student17_2.c, E-RP-09, neoptimálne využívanie argumentov mainu, 1
student17_2.c, E-RP-05, dlho aktívna premenná, 8
student17_2.c, W-01, využívanie globálnej premennej, 2
student17_3.c, E-RP-09, neoptimálne využívanie argumentov mainu, 1
student17_3.c, E-RP-05, dlho aktívna premenná, 8
student17_3.c, W-01, využívanie globálnej premennej, 2
student17_4.c, E-RP-09, neoptimálne využívanie argumentov mainu, 1
student17_4.c, E-RP-05, dlho aktívna premenná, 8
student17_4.c, W-01, využívanie globálnej premennej, 2
student18_1.c, E-SmA-02, viacnásobná deklarácia premennej, 1
student18_1.c, E-RP-05, dlho aktívna premenná, 15
student18_10.c, E-RP-05, dlho aktívna premenná, 16
student18_10.c, E-RP-07, neoptimálne využívanie premenných, 1
student18_11.c, E-RP-05, dlho aktívna premenná, 18
student18_11.c, E-RP-07, neoptimálne využívanie premenných, 1
student18_12.c, E-RP-05, dlho aktívna premenná, 18
student18_12.c, E-RP-07, neoptimálne využívanie premenných, 1
student18_13.c, E-RP-05, dlho aktívna premenná, 18
student18_13.c, E-RP-07, neoptimálne využívanie premenných, 1
student18_14.c, E-RP-05, dlho aktívna premenná, 18
student18_14.c, E-RP-07, neoptimálne využívanie premenných, 1
student18_15.c, E-RP-05, dlho aktívna premenná, 18
student18_15.c, E-RP-07, neoptimálne využívanie premenných, 1
student18_2.c, E-SmA-02, viacnásobná deklarácia premennej, 1
student18_2.c, E-RP-05, dlho aktívna premenná, 14
student18_3.c, E-SmA-02, viacnásobná deklarácia premennej, 1
student18_3.c, E-RP-05, dlho aktívna premenná, 17
student18_4.c, E-SmA-02, viacnásobná deklarácia premennej, 1
student18_4.c, E-RP-05, dlho aktívna premenná, 17
student18_5.c, E-SmA-02, viacnásobná deklarácia premennej, 1
student18_5.c, E-RP-05, dlho aktívna premenná, 17
student18_6.c, E-SmA-02, viacnásobná deklarácia premennej, 1
student18_6.c, E-RP-05, dlho aktívna premenná, 17
student18_7.c, E-SmA-02, viacnásobná deklarácia premennej, 1
student18_7.c, E-RP-05, dlho aktívna premenná, 16
student18_8.c, E-RP-05, dlho aktívna premenná, 14
student18_8.c, E-RP-07, neoptimálne využívanie premenných, 1
student18_9.c, E-RP-05, dlho aktívna premenná, 16
student18_9.c, E-RP-07, neoptimálne využívanie premenných, 1
student19_1.c, E-RP-05, dlho aktívna premenná, 10
student19_1.c, E-RP-07, neoptimálne využívanie premenných, 1
student19_2.c, E-RP-05, dlho aktívna premenná, 10
student19_2.c, E-RP-07, neoptimálne využívanie premenných, 1
student19_3.c, E-RP-05, dlho aktívna premenná, 10
student19_3.c, E-RP-07, neoptimálne využívanie premenných, 1
student19_4.c, E-SmA-02, viacnásobná deklarácia premennej, 1
student19_4.c, E-RP-05, dlho aktívna premenná, 9
student19_5.c, E-SmA-02, viacnásobná deklarácia premennej, 2
student19_5.c, E-RP-05, dlho aktívna premenná, 9
student19_6.c, E-SmA-02, viacnásobná deklarácia premennej, 2
student19_6.c, E-RP-05, dlho aktívna premenná, 9
student19_7.c, E-SmA-02, viacnásobná deklarácia premennej, 2
student19_7.c, E-RP-05, dlho aktívna premenná, 9
student19_8.c, E-SmA-02, viacnásobná deklarácia premennej, 2
student19_8.c, E-RP-05, dlho aktívna premenná, 8
student19_9.c, E-SmA-02, viacnásobná deklarácia premennej, 2
student19_9.c, E-RP-05, dlho aktívna premenná, 12
student1_1.c, E-RP-05, dlho aktívna premenná, 3
student1_1.c, E-RP-07, neoptimálne využívanie premenných, 1
student1_2.c, E-RP-05, dlho aktívna premenná, 3
student1_2.c, E-RP-07, neoptimálne využívanie premenných, 1
student20_1.c, E-RP-05, dlho aktívna premenná, 1
student20_1.c, E-RP-07, neoptimálne využívanie premenných, 1
student20_10.c, E-LA-01, neidentifikovateľný reťazec, 1
student20_10.c, E-SxA-01, chýbajúca zátvorka, 1
student20_2.c, E-RP-05, dlho aktívna premenná, 1
student20_2.c, E-RP-07, neoptimálne využívanie premenných, 1
student20_3.c, E-LA-01, neidentifikovateľný reťazec, 1
student20_3.c, E-SxA-01, chýbajúca zátvorka, 1
student20_4.c, E-LA-01, neidentifikovateľný reťazec, 1
student20_4.c, E-SxA-01, chýbajúca zátvorka, 1
student20_5.c, E-LA-01, neidentifikovateľný reťazec, 1
student20_5.c, E-SxA-01, chýbajúca zátvorka, 1
student20_6.c, E-LA-01, neidentifikovateľný reťazec, 1
student20_6.c, E-SxA-01, chýbajúca zátvorka, 1
student20_7.c, E-LA-01, neidentifikovateľný reťazec, 1
student20_7.c, E-SxA-01, chýbajúca zátvorka, 1
student20_8.c, E-LA-01, neidentifikovateľný reťazec, 1
student20_8.c, E-SxA-01, chýbajúca zátvorka, 1
student20_9.c, E-LA-01, neidentifikovateľný reťazec, 1
student20_9.c, E-SxA-01, chýbajúca zátvorka, 1
student21_1.c, E-RP-05, dlho aktívna premenná, 5
student21_1.c, E-RP-07, neoptimálne využívanie premenných, 1
student21_2.c, E-RP-05, dlho aktívna premenná, 5
student21_2.c, E-RP-07, neoptimálne využívanie premenných, 1
student22_1.c, E-RP-05, dlho aktívna premenná, 2
student22_1.c, E-RP-07, neoptimálne využívanie premenných, 1
student22_2.c, E-RP-05, dlho aktívna premenná, 7
student22_2.c, E-RP-07, neoptimálne využívanie premenných, 1
student22_3.c, E-RP-05, dlho aktívna premenná, 7
student22_3.c, E-RP-07, neoptimálne využívanie premenných, 1
student22_4.c, E-RP-05, dlho aktívna premenná, 7
student22_4.c, E-RP-07, neoptimálne využívanie premenných, 1
student23_1.c, E-RP-09, neoptimálne využívanie argumentov mainu, 1
student23_1.c, E-RP-05, dlho aktívna premenná, 1
student23_1.c, W-01, využívanie globálnej premennej, 4
student23_10.c, E-RP-05, dlho aktívna premenná, 9
student23_10.c, E-RP-07, neoptimálne využívanie premenných, 1
student23_10.c, W-01, využívanie globálnej premennej, 3
student23_11.c, E-RP-05, dlho aktívna premenná, 9
student23_11.c, E-RP-07, neoptimálne využívanie premenných, 1
student23_11.c, W-01, využívanie globálnej premennej, 3
student23_12.c, E-RP-05, dlho aktívna premenná, 10
student23_12.c, E-RP-07, neoptimálne využívanie premenných, 1
student23_12.c, W-01, využívanie globálnej premennej, 3
student23_13.c, E-RP-05, dlho aktívna premenná, 10
student23_13.c, E-RP-07, neoptimálne využívanie premenných, 1
student23_13.c, W-01, využívanie globálnej premennej, 3
student23_14.c, E-RP-05, dlho aktívna premenná, 10
student23_14.c, E-RP-07, neoptimálne využívanie premenných, 1
student23_14.c, W-01, využívanie globálnej premennej, 3
student23_2.c, E-RP-09, neoptimálne využívanie argumentov mainu, 1
student23_2.c, E-RP-05, dlho aktívna premenná, 1
student23_2.c, W-01, využívanie globálnej premennej, 4
student23_3.c, E-RP-09, neoptimálne využívanie argumentov mainu, 1
student23_3.c, E-RP-05, dlho aktívna premenná, 1
student23_3.c, W-01, využívanie globálnej premennej, 4
student23_4.c, E-RP-09, neoptimálne využívanie argumentov mainu, 1
student23_4.c, E-RP-05, dlho aktívna premenná, 1
student23_4.c, W-01, využívanie globálnej premennej, 4
student23_5.c, E-RP-05, dlho aktívna premenná, 7
student23_5.c, E-RP-07, neoptimálne využívanie premenných, 1
student23_5.c, W-01, využívanie globálnej premennej, 3
student23_6.c, E-RP-05, dlho aktívna premenná, 7
student23_6.c, E-RP-07, neoptimálne využívanie premenných, 1
student23_6.c, W-01, využívanie globálnej premennej, 3
student23_7.c, E-RP-05, dlho aktívna premenná, 7
student23_7.c, E-RP-07, neoptimálne využívanie premenných, 1
student23_7.c, W-01, využívanie globálnej premennej, 3
student23_8.c, E-RP-05, dlho aktívna premenná, 7
student23_8.c, E-RP-07, neoptimálne využívanie premenných, 1
student23_8.c, W-01, využívanie globálnej premennej, 3
student23_9.c, E-RP-05, dlho aktívna premenná, 7
student23_9.c, E-RP-07, neoptimálne využívanie premenných, 1
student23_9.c, W-01, využívanie globálnej premennej, 3
student24_1.c, E-RP-05, dlho aktívna premenná, 6
student24_1.c, E-RP-07, neoptimálne využívanie premenných, 1
student24_1.c, W-01, využívanie globálnej premennej, 2
student24_2.c, E-RP-05, dlho aktívna premenná, 6
student24_2.c, E-RP-07, neoptimálne využívanie premenných, 1
student24_2.c, W-01, využívanie globálnej premennej, 2
student24_3.c, E-RP-05, dlho aktívna premenná, 6
student24_3.c, E-RP-07, neoptimálne využívanie premenných, 1
student24_3.c, W-01, využívanie globálnej premennej, 2
student24_4.c, E-RP-05, dlho aktívna premenná, 8
student24_4.c, E-RP-07, neoptimálne využívanie premenných, 1
student24_4.c, W-01, využívanie globálnej premennej, 2
student24_5.c, E-RP-05, dlho aktívna premenná, 8
student24_5.c, E-RP-07, neoptimálne využívanie premenných, 1
student24_5.c, W-01, využívanie globálnej premennej, 2
student25_1.c, E-RP-05, dlho aktívna premenná, 3
student25_1.c, E-RP-07, neoptimálne využívanie premenných, 1
student25_2.c, E-RP-05, dlho aktívna premenná, 3
student25_2.c, E-RP-07, neoptimálne využívanie premenných, 1
student25_3.c, E-RP-05, dlho aktívna premenná, 3
student25_3.c, E-RP-07, neoptimálne využívanie premenných, 1
student25_4.c, E-RP-05, dlho aktívna premenná, 3
student25_4.c, E-RP-07, neoptimálne využívanie premenných, 1
student25_5.c, E-RP-05, dlho aktívna premenná, 3
student25_5.c, E-RP-07, neoptimálne využívanie premenných, 1
student26_1.c, E-RP-05, dlho aktívna premenná, 10
student26_1.c, E-RP-07, neoptimálne využívanie premenných, 1
student26_1.c, W-01, využívanie globálnej premennej, 2
student26_10.c, E-RP-05, dlho aktívna premenná, 9
student26_10.c, E-RP-07, neoptimálne využívanie premenných, 1
student26_10.c, W-01, využívanie globálnej premennej, 2
student26_11.c, E-RP-05, dlho aktívna premenná, 9
student26_11.c, E-RP-07, neoptimálne využívanie premenných, 1
student26_11.c, W-01, využívanie globálnej premennej, 2
student26_12.c, E-RP-05, dlho aktívna premenná, 9
student26_12.c, E-RP-07, neoptimálne využívanie premenných, 1
student26_12.c, W-01, využívanie globálnej premennej, 2
student26_13.c, E-RP-05, dlho aktívna premenná, 9
student26_13.c, E-RP-07, neoptimálne využívanie premenných, 1
student26_13.c, W-01, využívanie globálnej premennej, 2
student26_14.c, E-RP-05, dlho aktívna premenná, 9
student26_14.c, E-RP-07, neoptimálne využívanie premenných, 1
student26_14.c, W-01, využívanie globálnej premennej, 2
student26_2.c, E-RP-05, dlho aktívna premenná, 10
student26_2.c, E-RP-07, neoptimálne využívanie premenných, 1
student26_2.c, W-01, využívanie globálnej premennej, 2
student26_3.c, E-RP-05, dlho aktívna premenná, 10
student26_3.c, E-RP-07, neoptimálne využívanie premenných, 1
student26_3.c, W-01, využívanie globálnej premennej, 2
student26_4.c, E-RP-05, dlho aktívna premenná, 10
student26_4.c, E-RP-07, neoptimálne využívanie premenných, 1
student26_4.c, W-01, využívanie globálnej premennej, 2
student26_5.c, E-RP-05, dlho aktívna premenná, 10
student26_5.c, E-RP-07, neoptimálne využívanie premenných, 1
student26_5.c, W-01, využívanie globálnej premennej, 2
student26_6.c, E-RP-05, dlho aktívna premenná, 10
student26_6.c, E-RP-07, neoptimálne využívanie premenných, 1
student26_6.c, W-01, využívanie globálnej premennej, 2
student26_7.c, E-RP-05, dlho aktívna premenná, 10
student26_7.c, E-RP-07, neoptimálne využívanie premenných, 1
student26_7.c, W-01, využívanie globálnej premennej, 2
student26_8.c, E-RP-05, dlho aktívna premenná, 10
student26_8.c, E-RP-07, neoptimálne využívanie premenných, 1
student26_8.c, W-01, využívanie globálnej premennej, 2
student26_9.c, E-RP-05, dlho aktívna premenná, 10
student26_9.c, E-RP-07, neoptimálne využívanie premenných, 1
student26_9.c, W-01, využívanie globálnej premennej, 2
student27_1.c, E-RP-05, dlho aktívna premenná, 4
student27_1.c, E-RP-07, neoptimálne využívanie premenných, 1
student27_10.c, E-RP-05, dlho aktívna premenná, 7
student27_10.c, E-RP-07, neoptimálne využívanie premenných, 1
student27_11.c, E-RP-05, dlho aktívna premenná, 7
student27_11.c, E-RP-07, neoptimálne využívanie premenných, 1
student27_12.c, E-RP-05, dlho aktívna premenná, 7
student27_12.c, E-RP-07, neoptimálne využívanie premenných, 1
student27_13.c, E-RP-05, dlho aktívna premenná, 7
student27_13.c, E-RP-07, neoptimálne využívanie premenných, 1
student27_14.c, E-RP-05, dlho aktívna premenná, 7
student27_14.c, E-RP-07, neoptimálne využívanie premenných, 1
student27_15.c, E-RP-05, dlho aktívna premenná, 7
student27_15.c, E-RP-07, neoptimálne využívanie premenných, 1
student27_16.c, E-RP-05, dlho aktívna premenná, 7
student27_16.c, E-RP-07, neoptimálne využívanie premenných, 1
student27_17.c, E-RP-05, dlho aktívna premenná, 7
student27_17.c, E-RP-07, neoptimálne využívanie premenných, 1
student27_18.c, E-RP-05, dlho aktívna premenná, 7
student27_18.c, E-RP-07, neoptimálne využívanie premenných, 1
student27_19.c, E-RP-05, dlho aktívna premenná, 7
student27_19.c, E-RP-07, neoptimálne využívanie premenných, 1
student27_2.c, E-SmA-02, viacnásobná deklarácia premennej, 1
student27_2.c, E-RP-05, dlho aktívna premenná, 4
student27_20.c, E-RP-05, dlho aktívna premenná, 7
student27_20.c, E-RP-07, neoptimálne využívanie premenných, 1
student27_21.c, E-RP-05, dlho aktívna premenná, 7
student27_21.c, E-RP-07, neoptimálne využívanie premenných, 1
student27_22.c, E-RP-05, dlho aktívna premenná, 7
student27_22.c, E-RP-07, neoptimálne využívanie premenných, 1
student27_3.c, E-RP-05, dlho aktívna premenná, 4
student27_3.c, E-RP-07, neoptimálne využívanie premenných, 1
student27_4.c, E-RP-05, dlho aktívna premenná, 4
student27_4.c, E-RP-07, neoptimálne využívanie premenných, 1
student27_5.c, E-RP-05, dlho aktívna premenná, 4
student27_5.c, E-RP-07, neoptimálne využívanie premenných, 1
student27_6.c, E-RP-05, dlho aktívna premenná, 4
student27_6.c, E-RP-07, neoptimálne využívanie premenných, 1
student27_7.c, E-RP-05, dlho aktívna premenná, 4
student27_7.c, E-RP-07, neoptimálne využívanie premenných, 1
student27_8.c, E-RP-05, dlho aktívna premenná, 4
student27_8.c, E-RP-07, neoptimálne využívanie premenných, 1
student27_9.c, E-RP-05, dlho aktívna premenná, 4
student27_9.c, E-RP-07, neoptimálne využívanie premenných, 1
student28_1.c, E-RP-05, dlho aktívna premenná, 5
student28_1.c, E-RP-07, neoptimálne využívanie premenných, 1
student28_2.c, E-RP-05, dlho aktívna premenná, 5
student28_2.c, E-RP-07, neoptimálne využívanie premenných, 1
student28_3.c, E-RP-05, dlho aktívna premenná, 5
student28_3.c, E-RP-07, neoptimálne využívanie premenných, 1
student28_4.c, E-RP-05, dlho aktívna premenná, 4
student28_4.c, E-RP-07, neoptimálne využívanie premenných, 1
student28_5.c, E-RP-05, dlho aktívna premenná, 4
student28_5.c, E-RP-07, neoptimálne využívanie premenných, 1
student29_1.c, E-RP-09, neoptimálne využívanie argumentov mainu, 1
student29_1.c, E-RP-05, dlho aktívna premenná, 6
student2_1.c, E-RP-05, dlho aktívna premenná, 3
student2_1.c, E-RP-07, neoptimálne využívanie premenných, 1
student2_2.c, E-LA-01, neidentifikovateľný reťazec, 106
student30_1.c, E-RP-07, neoptimálne využívanie premenných, 1
student30_10.c, E-RP-05, dlho aktívna premenná, 2
student30_10.c, E-RP-07, neoptimálne využívanie premenných, 1
student30_11.c, E-RP-05, dlho aktívna premenná, 2
student30_11.c, E-RP-07, neoptimálne využívanie premenných, 1
student30_12.c, E-RP-05, dlho aktívna premenná, 2
student30_12.c, E-RP-07, neoptimálne využívanie premenných, 1
student30_13.c, E-RP-05, dlho aktívna premenná, 2
student30_13.c, E-RP-07, neoptimálne využívanie premenných, 1
student30_2.c, E-RP-07, neoptimálne využívanie premenných, 1
student30_3.c, E-RP-07, neoptimálne využívanie premenných, 1
student30_4.c, E-RP-07, neoptimálne využívanie premenných, 1
student30_5.c, E-RP-07, neoptimálne využívanie premenných, 1
student30_6.c, E-RP-05, dlho aktívna premenná, 2
student30_6.c, E-RP-07, neoptimálne využívanie premenných, 1
student30_7.c, E-RP-05, dlho aktívna premenná, 2
student30_7.c, E-RP-07, neoptimálne využívanie premenných, 1
student30_8.c, E-RP-05, dlho aktívna premenná, 2
student30_8.c, E-RP-07, neoptimálne využívanie premenných, 1
student30_9.c, E-RP-05, dlho aktívna premenná, 2
student30_9.c, E-RP-07, neoptimálne využívanie premenných, 1
student31_1.c, E-RP-05, dlho aktívna premenná, 1
student31_1.c, E-RP-07, neoptimálne využívanie premenných, 1
student31_10.c, E-RP-05, dlho aktívna premenná, 1
student31_10.c, E-RP-07, neoptimálne využívanie premenných, 1
student31_11.c, E-RP-05, dlho aktívna premenná, 1
student31_11.c, E-RP-07, neoptimálne využívanie premenných, 1
student31_12.c, E-RP-05, dlho aktívna premenná, 1
student31_12.c, E-RP-07, neoptimálne využívanie premenných, 1
student31_16.c, E-RP-05, dlho aktívna premenná, 1
student31_16.c, E-RP-07, neoptimálne využívanie premenných, 1
student31_17.c, E-RP-05, dlho aktívna premenná, 1
student31_17.c, E-RP-07, neoptimálne využívanie premenných, 1
student31_18.c, E-RP-05, dlho aktívna premenná, 1
student31_18.c, E-RP-07, neoptimálne využívanie premenných, 1
student31_19.c, E-RP-05, dlho aktívna premenná, 1
student31_19.c, E-RP-07, neoptimálne využívanie premenných, 1
student31_2.c, E-SxA-07, nesprávna syntax, 1
student31_2.c, E-ST-01, neinicializovaná premenná, 1
student31_2.c, E-SxA-03, chýbajúca bodkočiarka, 1
student31_2.c, E-RP-05, dlho aktívna premenná, 1
student31_20.c, E-RP-05, dlho aktívna premenná, 1
student31_20.c, E-RP-07, neoptimálne využívanie premenných, 1
student31_21.c, E-RP-05, dlho aktívna premenná, 1
student31_21.c, E-RP-07, neoptimálne využívanie premenných, 1
student31_3.c, E-ST-01, neinicializovaná premenná, 1
student31_3.c, E-RP-05, dlho aktívna premenná, 2
student31_4.c, E-RP-05, dlho aktívna premenná, 1
student31_4.c, E-RP-07, neoptimálne využívanie premenných, 1
student31_5.c, E-RP-05, dlho aktívna premenná, 1
student31_5.c, E-RP-07, neoptimálne využívanie premenných, 1
student31_6.c, E-RP-05, dlho aktívna premenná, 2
student31_6.c, E-RP-07, neoptimálne využívanie premenných, 1
student31_7.c, E-RP-05, dlho aktívna premenná, 2
student31_7.c, E-RP-07, neoptimálne využívanie premenných, 1
student31_8.c, E-RP-05, dlho aktívna premenná, 2
student31_8.c, E-RP-07, neoptimálne využívanie premenných, 1
student31_9.c, E-RP-05, dlho aktívna premenná, 2
student31_9.c, E-RP-07, neoptimálne využívanie premenných, 1
student32_1.c, E-RP-05, dlho aktívna premenná, 7
student32_1.c, E-RP-07, neoptimálne využívanie premenných, 1
student32_2.c, E-RP-05, dlho aktívna premenná, 7
student32_2.c, E-RP-07, neoptimálne využívanie premenných, 1
student32_3.c, E-RP-05, dlho aktívna premenná, 7
student32_3.c, E-RP-07, neoptimálne využívanie premenných, 1
student32_4.c, E-RP-05, dlho aktívna premenná, 7
student32_4.c, E-RP-07, neoptimálne využívanie premenných, 1
student33_1.c, E-RP-05, dlho aktívna premenná, 9
student33_1.c, E-RP-07, neoptimálne využívanie premenných, 1
student33_2.c, E-RP-05, dlho aktívna premenná, 9
student33_2.c, E-RP-07, neoptimálne využívanie premenných, 1
student33_3.c, E-SmA-02, viacnásobná deklarácia premennej, 2
student33_3.c, E-RP-05, dlho aktívna premenná, 11
student33_4.c, E-SmA-02, viacnásobná deklarácia premennej, 2
student33_4.c, E-RP-05, dlho aktívna premenná, 9
student33_5.c, E-SmA-02, viacnásobná deklarácia premennej, 2
student33_5.c, E-RP-05, dlho aktívna premenná, 9
student33_6.c, E-SmA-02, viacnásobná deklarácia premennej, 2
student33_6.c, E-RP-05, dlho aktívna premenná, 8
student33_7.c, E-SmA-02, viacnásobná deklarácia premennej, 2
student33_7.c, E-RP-05, dlho aktívna premenná, 8
student34_1.c, E-RP-05, dlho aktívna premenná, 3
student34_1.c, E-RP-07, neoptimálne využívanie premenných, 1
student34_1.c, W-01, využívanie globálnej premennej, 1
student34_2.c, E-RP-05, dlho aktívna premenná, 3
student34_2.c, E-RP-07, neoptimálne využívanie premenných, 1
student34_2.c, W-01, využívanie globálnej premennej, 1
student34_3.c, E-RP-05, dlho aktívna premenná, 3
student34_3.c, E-RP-07, neoptimálne využívanie premenných, 1
student34_3.c, W-01, využívanie globálnej premennej, 1
student35_1.c, E-SmA-02, viacnásobná deklarácia premennej, 1
student35_1.c, E-RP-05, dlho aktívna premenná, 2
student35_1.c, W-01, využívanie globálnej premennej, 1
student35_10.c, E-SmA-02, viacnásobná deklarácia premennej, 1
student35_10.c, E-RP-05, dlho aktívna premenná, 1
student35_10.c, W-01, využívanie globálnej premennej, 1
student35_11.c, E-SmA-02, viacnásobná deklarácia premennej, 1
student35_11.c, E-RP-05, dlho aktívna premenná, 2
student35_11.c, W-01, využívanie globálnej premennej, 1
student35_12.c, E-SmA-02, viacnásobná deklarácia premennej, 1
student35_12.c, E-RP-05, dlho aktívna premenná, 2
student35_12.c, W-01, využívanie globálnej premennej, 1
student35_13.c, E-SmA-02, viacnásobná deklarácia premennej, 1
student35_13.c, E-RP-05, dlho aktívna premenná, 2
student35_13.c, W-01, využívanie globálnej premennej, 1
student35_14.c, E-SmA-02, viacnásobná deklarácia premennej, 1
student35_14.c, E-RP-05, dlho aktívna premenná, 2
student35_14.c, W-01, využívanie globálnej premennej, 1
student35_15.c, E-SmA-02, viacnásobná deklarácia premennej, 1
student35_15.c, E-RP-05, dlho aktívna premenná, 2
student35_15.c, W-01, využívanie globálnej premennej, 1
student35_16.c, E-SmA-02, viacnásobná deklarácia premennej, 1
student35_16.c, E-RP-05, dlho aktívna premenná, 2
student35_16.c, W-01, využívanie globálnej premennej, 1
student35_17.c, E-SmA-02, viacnásobná deklarácia premennej, 1
student35_17.c, E-RP-05, dlho aktívna premenná, 2
student35_17.c, W-01, využívanie globálnej premennej, 1
student35_18.c, E-SmA-02, viacnásobná deklarácia premennej, 1
student35_18.c, E-RP-05, dlho aktívna premenná, 2
student35_18.c, W-01, využívanie globálnej premennej, 1
student35_19.c, E-SmA-02, viacnásobná deklarácia premennej, 1
student35_19.c, E-RP-05, dlho aktívna premenná, 2
student35_19.c, W-01, využívanie globálnej premennej, 1
student35_2.c, E-SmA-02, viacnásobná deklarácia premennej, 1
student35_2.c, E-RP-05, dlho aktívna premenná, 2
student35_2.c, W-01, využívanie globálnej premennej, 1
student35_20.c, E-SmA-02, viacnásobná deklarácia premennej, 1
student35_20.c, E-RP-05, dlho aktívna premenná, 2
student35_20.c, W-01, využívanie globálnej premennej, 1
student35_3.c, E-SmA-02, viacnásobná deklarácia premennej, 1
student35_3.c, E-RP-05, dlho aktívna premenná, 2
student35_3.c, W-01, využívanie globálnej premennej, 1
student35_4.c, E-SmA-02, viacnásobná deklarácia premennej, 1
student35_4.c, E-RP-05, dlho aktívna premenná, 2
student35_4.c, W-01, využívanie globálnej premennej, 1
student35_5.c, E-SmA-02, viacnásobná deklarácia premennej, 1
student35_5.c, E-RP-05, dlho aktívna premenná, 2
student35_5.c, W-01, využívanie globálnej premennej, 1
student35_6.c, E-SmA-02, viacnásobná deklarácia premennej, 1
student35_6.c, E-RP-05, dlho aktívna premenná, 5
student35_6.c, W-01, využívanie globálnej premennej, 1
student35_7.c, E-SmA-02, viacnásobná deklarácia premennej, 1
student35_7.c, E-RP-05, dlho aktívna premenná, 1
student35_7.c, W-01, využívanie globálnej premennej, 1
student35_8.c, E-SmA-02, viacnásobná deklarácia premennej, 1
student35_8.c, E-RP-05, dlho aktívna premenná, 1
student35_8.c, W-01, využívanie globálnej premennej, 1
student35_9.c, E-SmA-02, viacnásobná deklarácia premennej, 1
student35_9.c, E-RP-05, dlho aktívna premenná, 1
student35_9.c, W-01, využívanie globálnej premennej, 1
student36_1.c, E-RP-05, dlho aktívna premenná, 3
student36_1.c, E-RP-07, neoptimálne využívanie premenných, 1
student36_2.c, E-RP-05, dlho aktívna premenná, 3
student36_2.c, E-RP-07, neoptimálne využívanie premenných, 1
student36_3.c, E-RP-05, dlho aktívna premenná, 3
student36_3.c, E-RP-07, neoptimálne využívanie premenných, 1
student36_4.c, E-RP-05, dlho aktívna premenná, 1
student36_4.c, E-RP-07, neoptimálne využívanie premenných, 1
student37_1.c, E-RP-05, dlho aktívna premenná, 9
student37_1.c, E-RP-07, neoptimálne využívanie premenných, 1
student37_1.c, W-01, využívanie globálnej premennej, 2
student37_2.c, E-RP-05, dlho aktívna premenná, 8
student37_2.c, E-RP-07, neoptimálne využívanie premenných, 1
student37_2.c, W-01, využívanie globálnej premennej, 2
student37_3.c, E-RP-05, dlho aktívna premenná, 7
student37_3.c, E-RP-07, neoptimálne využívanie premenných, 1
student37_3.c, W-01, využívanie globálnej premennej, 2
student38_1.c, E-RP-09, neoptimálne využívanie argumentov mainu, 1
student38_1.c, E-RP-05, dlho aktívna premenná, 1
student38_2.c, E-RP-09, neoptimálne využívanie argumentov mainu, 1
student38_2.c, E-RP-05, dlho aktívna premenná, 1
student38_3.c, E-RP-09, neoptimálne využívanie argumentov mainu, 1
student38_3.c, E-RP-05, dlho aktívna premenná, 1
student38_4.c, E-RP-09, neoptimálne využívanie argumentov mainu, 1
student38_4.c, E-RP-05, dlho aktívna premenná, 4
student38_5.c, E-RP-09, neoptimálne využívanie argumentov mainu, 1
student38_5.c, E-RP-05, dlho aktívna premenná, 4
student38_6.c, E-RP-09, neoptimálne využívanie argumentov mainu, 1
student38_6.c, E-RP-05, dlho aktívna premenná, 4
student38_7.c, E-RP-09, neoptimálne využívanie argumentov mainu, 1
student38_7.c, E-RP-05, dlho aktívna premenná, 4
student39_1.c, E-RP-09, neoptimálne využívanie argumentov mainu, 1
student39_1.c, E-RP-05, dlho aktívna premenná, 8
student39_10.c, E-RP-09, neoptimálne využívanie argumentov mainu, 1
student39_10.c, E-RP-05, dlho aktívna premenná, 9
student39_11.c, E-RP-09, neoptimálne využívanie argumentov mainu, 1
student39_11.c, E-RP-05, dlho aktívna premenná, 8
student39_12.c, E-RP-09, neoptimálne využívanie argumentov mainu, 1
student39_12.c, E-RP-05, dlho aktívna premenná, 8
student39_2.c, E-RP-09, neoptimálne využívanie argumentov mainu, 1
student39_2.c, E-RP-05, dlho aktívna premenná, 9
student39_3.c, E-RP-09, neoptimálne využívanie argumentov mainu, 1
student39_3.c, E-RP-05, dlho aktívna premenná, 9
student39_4.c, E-RP-09, neoptimálne využívanie argumentov mainu, 1
student39_4.c, E-RP-05, dlho aktívna premenná, 9
student39_5.c, E-RP-09, neoptimálne využívanie argumentov mainu, 1
student39_5.c, E-RP-05, dlho aktívna premenná, 9
student39_6.c, E-RP-09, neoptimálne využívanie argumentov mainu, 1
student39_6.c, E-RP-05, dlho aktívna premenná, 9
student39_7.c, E-RP-09, neoptimálne využívanie argumentov mainu, 1
student39_7.c, E-RP-05, dlho aktívna premenná, 9
student39_8.c, E-RP-09, neoptimálne využívanie argumentov mainu, 1
student39_8.c, E-RP-05, dlho aktívna premenná, 9
student39_9.c, E-RP-09, neoptimálne využívanie argumentov mainu, 1
student39_9.c, E-RP-05, dlho aktívna premenná, 9
student3_1.c, E-RP-05, dlho aktívna premenná, 3
student3_1.c, E-RP-07, neoptimálne využívanie premenných, 1
student3_2.c, E-RP-05, dlho aktívna premenná, 3
student3_2.c, E-RP-07, neoptimálne využívanie premenných, 1
student3_3.c, E-RP-05, dlho aktívna premenná, 2
student3_3.c, E-RP-07, neoptimálne využívanie premenných, 1
student40_1.c, E-SmA-02, viacnásobná deklarácia premennej, 1
student40_1.c, E-RP-05, dlho aktívna premenná, 5
student40_10.c, E-RP-05, dlho aktívna premenná, 3
student40_10.c, E-RP-07, neoptimálne využívanie premenných, 1
student40_11.c, E-RP-05, dlho aktívna premenná, 9
student40_11.c, E-RP-07, neoptimálne využívanie premenných, 1
student40_12.c, E-RP-05, dlho aktívna premenná, 9
student40_12.c, E-RP-07, neoptimálne využívanie premenných, 1
student40_13.c, E-RP-05, dlho aktívna premenná, 9
student40_13.c, E-RP-07, neoptimálne využívanie premenných, 1
student40_14.c, E-RP-05, dlho aktívna premenná, 9
student40_14.c, E-RP-07, neoptimálne využívanie premenných, 1
student40_15.c, E-RP-05, dlho aktívna premenná, 9
student40_15.c, E-RP-07, neoptimálne využívanie premenných, 1
student40_16.c, E-RP-05, dlho aktívna premenná, 9
student40_16.c, E-RP-07, neoptimálne využívanie premenných, 1
student40_17.c, E-RP-05, dlho aktívna premenná, 10
student40_17.c, E-RP-07, neoptimálne využívanie premenných, 1
student40_2.c, E-SmA-02, viacnásobná deklarácia premennej, 2
student40_2.c, E-RP-05, dlho aktívna premenná, 5
student40_3.c, E-SmA-02, viacnásobná deklarácia premennej, 2
student40_3.c, E-RP-05, dlho aktívna premenná, 5
student40_4.c, E-SmA-02, viacnásobná deklarácia premennej, 2
student40_4.c, E-RP-05, dlho aktívna premenná, 6
student40_5.c, E-SmA-02, viacnásobná deklarácia premennej, 2
student40_5.c, E-RP-05, dlho aktívna premenná, 6
student40_6.c, E-RP-05, dlho aktívna premenná, 3
student40_6.c, E-RP-07, neoptimálne využívanie premenných, 1
student40_7.c, E-RP-05, dlho aktívna premenná, 3
student40_7.c, E-RP-07, neoptimálne využívanie premenných, 1
student40_8.c, E-RP-05, dlho aktívna premenná, 3
student40_8.c, E-RP-07, neoptimálne využívanie premenných, 1
student40_9.c, E-RP-05, dlho aktívna premenná, 3
student40_9.c, E-RP-07, neoptimálne využívanie premenných, 1
student41_1.c, E-SmA-02, viacnásobná deklarácia premennej, 2
student41_1.c, E-RP-05, dlho aktívna premenná, 3
student41_2.c, E-RP-05, dlho aktívna premenná, 3
student41_2.c, E-RP-07, neoptimálne využívanie premenných, 1
student41_3.c, E-RP-05, dlho aktívna premenná, 3
student41_3.c, E-RP-07, neoptimálne využívanie premenných, 1
student41_4.c, E-RP-05, dlho aktívna premenná, 4
student41_4.c, E-RP-07, neoptimálne využívanie premenných, 1
student42_1.c, E-RP-05, dlho aktívna premenná, 4
student42_1.c, E-RP-07, neoptimálne využívanie premenných, 1
student42_10.c, E-RP-05, dlho aktívna premenná, 4
student42_10.c, E-RP-07, neoptimálne využívanie premenných, 1
student42_2.c, E-RP-05, dlho aktívna premenná, 5
student42_2.c, E-RP-07, neoptimálne využívanie premenných, 1
student42_3.c, E-RP-05, dlho aktívna premenná, 4
student42_3.c, E-RP-07, neoptimálne využívanie premenných, 1
student42_4.c, E-RP-05, dlho aktívna premenná, 5
student42_4.c, E-RP-07, neoptimálne využívanie premenných, 1
student42_5.c, E-RP-05, dlho aktívna premenná, 5
student42_5.c, E-RP-07, neoptimálne využívanie premenných, 1
student42_6.c, E-RP-05, dlho aktívna premenná, 5
student42_6.c, E-RP-07, neoptimálne využívanie premenných, 1
student42_7.c, E-RP-05, dlho aktívna premenná, 4
student42_7.c, E-RP-07, neoptimálne využívanie premenných, 1
student42_8.c, E-RP-05, dlho aktívna premenná, 5
student42_8.c, E-RP-07, neoptimálne využívanie premenných, 1
student42_9.c, E-SmA-02, viacnásobná deklarácia premennej, 1
student42_9.c, E-RP-05, dlho aktívna premenná, 4
student43_1.c, E-RP-05, dlho aktívna premenná, 7
student43_1.c, E-RP-07, neoptimálne využívanie premenných, 1
student43_2.c, E-RP-05, dlho aktívna premenná, 7
student43_2.c, E-RP-07, neoptimálne využívanie premenných, 1
student43_3.c, E-RP-05, dlho aktívna premenná, 7
student43_3.c, E-RP-07, neoptimálne využívanie premenných, 1
student43_4.c, E-RP-05, dlho aktívna premenná, 7
student43_4.c, E-RP-07, neoptimálne využívanie premenných, 1
student43_5.c, E-RP-05, dlho aktívna premenná, 7
student43_5.c, E-RP-07, neoptimálne využívanie premenných, 1
student43_6.c, E-RP-05, dlho aktívna premenná, 7
student43_6.c, E-RP-07, neoptimálne využívanie premenných, 1
student43_7.c, E-RP-05, dlho aktívna premenná, 6
student43_7.c, E-RP-07, neoptimálne využívanie premenných, 1
student44_1.c, E-RP-05, dlho aktívna premenná, 5
student44_1.c, E-RP-07, neoptimálne využívanie premenných, 1
student44_2.c, E-RP-05, dlho aktívna premenná, 5
student44_2.c, E-RP-07, neoptimálne využívanie premenných, 1
student44_3.c, E-RP-05, dlho aktívna premenná, 5
student44_3.c, E-RP-07, neoptimálne využívanie premenných, 1
student44_4.c, E-RP-05, dlho aktívna premenná, 5
student44_4.c, E-RP-07, neoptimálne využívanie premenných, 1
student44_5.c, E-RP-05, dlho aktívna premenná, 5
student44_5.c, E-RP-07, neoptimálne využívanie premenných, 1
student45_1.c, E-RP-09, neoptimálne využívanie argumentov mainu, 1
student45_1.c, E-RP-05, dlho aktívna premenná, 4
student45_2.c, E-RP-09, neoptimálne využívanie argumentov mainu, 1
student45_2.c, E-RP-05, dlho aktívna premenná, 6
student45_3.c, E-RP-09, neoptimálne využívanie argumentov mainu, 1
student45_3.c, E-RP-05, dlho aktívna premenná, 5
student45_4.c, E-RP-09, neoptimálne využívanie argumentov mainu, 1
student45_4.c, E-RP-05, dlho aktívna premenná, 5
student46_1.c, E-RP-05, dlho aktívna premenná, 4
student46_1.c, E-RP-07, neoptimálne využívanie premenných, 1
student46_2.c, E-RP-05, dlho aktívna premenná, 4
student46_2.c, E-RP-07, neoptimálne využívanie premenných, 1
student46_3.c, E-RP-05, dlho aktívna premenná, 3
student46_3.c, E-RP-07, neoptimálne využívanie premenných, 1
student46_4.c, E-RP-05, dlho aktívna premenná, 4
student46_4.c, E-RP-07, neoptimálne využívanie premenných, 1
student46_5.c, E-RP-05, dlho aktívna premenná, 4
student46_5.c, E-RP-07, neoptimálne využívanie premenných, 1
student46_6.c, E-RP-05, dlho aktívna premenná, 8
student46_6.c, E-RP-07, neoptimálne využívanie premenných, 1
student47_1.c, E-RP-05, dlho aktívna premenná, 6
student47_1.c, E-RP-07, neoptimálne využívanie premenných, 1
student47_10.c, E-RP-05, dlho aktívna premenná, 6
student47_10.c, E-RP-07, neoptimálne využívanie premenných, 1
student47_11.c, E-RP-05, dlho aktívna premenná, 7
student47_11.c, E-RP-07, neoptimálne využívanie premenných, 1
student47_12.c, E-RP-05, dlho aktívna premenná, 7
student47_12.c, E-RP-07, neoptimálne využívanie premenných, 1
student47_2.c, E-RP-05, dlho aktívna premenná, 6
student47_2.c, E-RP-07, neoptimálne využívanie premenných, 1
student47_3.c, E-RP-05, dlho aktívna premenná, 6
student47_3.c, E-RP-07, neoptimálne využívanie premenných, 1
student47_4.c, E-RP-05, dlho aktívna premenná, 6
student47_4.c, E-RP-07, neoptimálne využívanie premenných, 1
student47_5.c, E-RP-05, dlho aktívna premenná, 6
student47_5.c, E-RP-07, neoptimálne využívanie premenných, 1
student47_6.c, E-RP-05, dlho aktívna premenná, 6
student47_6.c, E-RP-07, neoptimálne využívanie premenných, 1
student47_7.c, E-RP-05, dlho aktívna premenná, 6
student47_7.c, E-RP-07, neoptimálne využívanie premenných, 1
student47_8.c, E-RP-05, dlho aktívna premenná, 6
student47_8.c, E-RP-07, neoptimálne využívanie premenných, 1
student47_9.c, E-RP-05, dlho aktívna premenná, 6
student47_9.c, E-RP-07, neoptimálne využívanie premenných, 1
student48_1.c, E-RP-05, dlho aktívna premenná, 7
student48_1.c, E-RP-07, neoptimálne využívanie premenných, 1
student48_2.c, E-RP-05, dlho aktívna premenná, 7
student48_2.c, E-RP-07, neoptimálne využívanie premenných, 1
student48_3.c, E-RP-05, dlho aktívna premenná, 7
student48_3.c, E-RP-07, neoptimálne využívanie premenných, 1
student48_4.c, E-RP-05, dlho aktívna premenná, 7
student48_4.c, E-RP-07, neoptimálne využívanie premenných, 1
student48_5.c, E-RP-05, dlho aktívna premenná, 7
student48_5.c, E-RP-07, neoptimálne využívanie premenných, 1
student49_1.c, E-RP-05, dlho aktívna premenná, 1
student49_1.c, E-RP-07, neoptimálne využívanie premenných, 1
student49_10.c, E-RP-05, dlho aktívna premenná, 2
student49_10.c, E-RP-07, neoptimálne využívanie premenných, 1
student49_11.c, E-RP-05, dlho aktívna premenná, 2
student49_11.c, E-RP-07, neoptimálne využívanie premenných, 1
student49_12.c, E-RP-05, dlho aktívna premenná, 2
student49_12.c, E-RP-07, neoptimálne využívanie premenných, 1
student49_13.c, E-RP-05, dlho aktívna premenná, 2
student49_13.c, E-RP-07, neoptimálne využívanie premenných, 1
student49_14.c, E-RP-05, dlho aktívna premenná, 3
student49_14.c, E-RP-07, neoptimálne využívanie premenných, 1
student49_15.c, E-RP-05, dlho aktívna premenná, 3
student49_15.c, E-RP-07, neoptimálne využívanie premenných, 1
student49_16.c, E-RP-05, dlho aktívna premenná, 3
student49_16.c, E-RP-07, neoptimálne využívanie premenných, 1
student49_2.c, E-RP-05, dlho aktívna premenná, 1
student49_2.c, E-RP-07, neoptimálne využívanie premenných, 1
student49_3.c, E-RP-05, dlho aktívna premenná, 1
student49_3.c, E-RP-07, neoptimálne využívanie premenných, 1
student49_4.c, E-RP-05, dlho aktívna premenná, 1
student49_4.c, E-RP-07, neoptimálne využívanie premenných, 1
student49_5.c, E-RP-05, dlho aktívna premenná, 2
student49_5.c, E-RP-07, neoptimálne využívanie premenných, 1
student49_6.c, E-RP-05, dlho aktívna premenná, 2
student49_6.c, E-RP-07, neoptimálne využívanie premenných, 1
student49_7.c, E-RP-05, dlho aktívna premenná, 2
student49_7.c, E-RP-07, neoptimálne využívanie premenných, 1
student49_8.c, E-RP-05, dlho aktívna premenná, 2
student49_8.c, E-RP-07, neoptimálne využívanie premenných, 1
student49_9.c, E-RP-05, dlho aktívna premenná, 2
student49_9.c, E-RP-07, neoptimálne využívanie premenných, 1
student4_1.c, E-RP-05, dlho aktívna premenná, 3
student4_1.c, E-RP-07, neoptimálne využívanie premenných, 1
student4_2.c, E-RP-05, dlho aktívna premenná, 3
student4_2.c, E-RP-07, neoptimálne využívanie premenných, 1
student4_3.c, E-RP-05, dlho aktívna premenná, 4
student4_3.c, E-RP-07, neoptimálne využívanie premenných, 1
student4_4.c, E-RP-05, dlho aktívna premenná, 3
student4_4.c, E-RP-07, neoptimálne využívanie premenných, 1
student4_5.c, E-RP-05, dlho aktívna premenná, 4
student4_5.c, E-RP-07, neoptimálne využívanie premenných, 1
student4_6.c, E-RP-05, dlho aktívna premenná, 4
student4_6.c, E-RP-07, neoptimálne využívanie premenných, 1
student4_7.c, E-RP-05, dlho aktívna premenná, 4
student4_7.c, E-RP-07, neoptimálne využívanie premenných, 1
student50_1.c, E-SmA-02, viacnásobná deklarácia premennej, 4
student50_1.c, E-RP-05, dlho aktívna premenná, 12
student50_1.c, W-01, využívanie globálnej premennej, 1
student50_10.c, E-SmA-02, viacnásobná deklarácia premennej, 6
student50_10.c, E-RP-05, dlho aktívna premenná, 10
student50_10.c, W-01, využívanie globálnej premennej, 1
student50_11.c, E-SmA-02, viacnásobná deklarácia premennej, 6
student50_11.c, E-RP-05, dlho aktívna premenná, 8
student50_11.c, W-01, využívanie globálnej premennej, 1
student50_12.c, E-SmA-02, viacnásobná deklarácia premennej, 6
student50_12.c, E-RP-05, dlho aktívna premenná, 9
student50_12.c, W-01, využívanie globálnej premennej, 1
student50_13.c, E-SmA-02, viacnásobná deklarácia premennej, 6
student50_13.c, E-RP-05, dlho aktívna premenná, 9
student50_13.c, W-01, využívanie globálnej premennej, 1
student50_14.c, E-SmA-02, viacnásobná deklarácia premennej, 6
student50_14.c, E-RP-05, dlho aktívna premenná, 9
student50_14.c, W-01, využívanie globálnej premennej, 1
student50_2.c, E-SmA-02, viacnásobná deklarácia premennej, 4
student50_2.c, E-RP-05, dlho aktívna premenná, 12
student50_2.c, W-01, využívanie globálnej premennej, 1
student50_3.c, E-SmA-02, viacnásobná deklarácia premennej, 6
student50_3.c, E-RP-05, dlho aktívna premenná, 12
student50_3.c, W-01, využívanie globálnej premennej, 1
student50_4.c, E-SmA-02, viacnásobná deklarácia premennej, 6
student50_4.c, E-RP-05, dlho aktívna premenná, 12
student50_4.c, W-01, využívanie globálnej premennej, 1
student50_5.c, E-SmA-02, viacnásobná deklarácia premennej, 6
student50_5.c, E-RP-05, dlho aktívna premenná, 12
student50_5.c, W-01, využívanie globálnej premennej, 1
student50_6.c, E-SmA-02, viacnásobná deklarácia premennej, 6
student50_6.c, E-RP-05, dlho aktívna premenná, 11
student50_6.c, W-01, využívanie globálnej premennej, 1
student50_7.c, E-SmA-02, viacnásobná deklarácia premennej, 6
student50_7.c, E-RP-05, dlho aktívna premenná, 11
student50_7.c, W-01, využívanie globálnej premennej, 1
student50_8.c, E-SmA-02, viacnásobná deklarácia premennej, 6
student50_8.c, E-RP-05, dlho aktívna premenná, 8
student50_8.c, W-01, využívanie globálnej premennej, 1
student50_9.c, E-SmA-02, viacnásobná deklarácia premennej, 6
student50_9.c, E-RP-05, dlho aktívna premenná, 10
student50_9.c, W-01, využívanie globálnej premennej, 1
student51_1.c, E-RP-05, dlho aktívna premenná, 1
student51_1.c, E-RP-07, neoptimálne využívanie premenných, 1
student51_2.c, E-RP-05, dlho aktívna premenná, 1
student51_2.c, E-RP-07, neoptimálne využívanie premenných, 1
student51_3.c, E-RP-05, dlho aktívna premenná, 1
student51_3.c, E-RP-07, neoptimálne využívanie premenných, 1
student51_4.c, E-RP-05, dlho aktívna premenná, 1
student51_4.c, E-RP-07, neoptimálne využívanie premenných, 1
student51_5.c, E-RP-05, dlho aktívna premenná, 4
student51_5.c, E-RP-07, neoptimálne využívanie premenných, 1
student51_6.c, E-RP-05, dlho aktívna premenná, 3
student51_6.c, E-RP-07, neoptimálne využívanie premenných, 1
student51_7.c, E-RP-05, dlho aktívna premenná, 3
student51_7.c, E-RP-07, neoptimálne využívanie premenných, 1
student51_8.c, E-RP-05, dlho aktívna premenná, 3
student51_8.c, E-RP-07, neoptimálne využívanie premenných, 1
student51_9.c, E-RP-05, dlho aktívna premenná, 3
student51_9.c, E-RP-07, neoptimálne využívanie premenných, 1
student52_1.c, E-RP-05, dlho aktívna premenná, 5
student52_1.c, E-RP-07, neoptimálne využívanie premenných, 1
student52_2.c, E-RP-05, dlho aktívna premenná, 5
student52_2.c, E-RP-07, neoptimálne využívanie premenných, 1
student5_1.c, E-RP-05, dlho aktívna premenná, 1
student5_1.c, E-RP-07, neoptimálne využívanie premenných, 1
student5_2.c, E-RP-05, dlho aktívna premenná, 1
student5_2.c, E-RP-07, neoptimálne využívanie premenných, 1
student5_3.c, E-RP-05, dlho aktívna premenná, 2
student5_3.c, E-RP-07, neoptimálne využívanie premenných, 1
student5_4.c, E-RP-05, dlho aktívna premenná, 1
student5_4.c, E-RP-07, neoptimálne využívanie premenných, 1
student5_5.c, E-RP-05, dlho aktívna premenná, 4
student5_5.c, E-RP-07, neoptimálne využívanie premenných, 1
student6_1.c, E-RP-05, dlho aktívna premenná, 3
student6_1.c, E-RP-07, neoptimálne využívanie premenných, 1
student6_10.c, E-RP-05, dlho aktívna premenná, 3
student6_10.c, E-RP-07, neoptimálne využívanie premenných, 1
student6_11.c, E-RP-05, dlho aktívna premenná, 3
student6_11.c, E-RP-07, neoptimálne využívanie premenných, 1
student6_13.c, E-RP-05, dlho aktívna premenná, 3
student6_13.c, E-RP-07, neoptimálne využívanie premenných, 1
student6_2.c, E-RP-05, dlho aktívna premenná, 3
student6_2.c, E-RP-07, neoptimálne využívanie premenných, 1
student6_3.c, E-RP-05, dlho aktívna premenná, 3
student6_3.c, E-RP-07, neoptimálne využívanie premenných, 1
student6_4.c, E-RP-05, dlho aktívna premenná, 3
student6_4.c, E-RP-07, neoptimálne využívanie premenných, 1
student6_5.c, E-RP-05, dlho aktívna premenná, 3
student6_5.c, E-RP-07, neoptimálne využívanie premenných, 1
student6_6.c, E-RP-05, dlho aktívna premenná, 3
student6_6.c, E-RP-07, neoptimálne využívanie premenných, 1
student6_7.c, E-RP-05, dlho aktívna premenná, 3
student6_7.c, E-RP-07, neoptimálne využívanie premenných, 1
student6_8.c, E-RP-05, dlho aktívna premenná, 3
student6_8.c, E-RP-07, neoptimálne využívanie premenných, 1
student6_9.c, E-RP-05, dlho aktívna premenná, 3
student6_9.c, E-RP-07, neoptimálne využívanie premenných, 1
student7_1.c, E-RP-05, dlho aktívna premenná, 12
student7_1.c, E-RP-07, neoptimálne využívanie premenných, 1
student7_1.c, W-01, využívanie globálnej premennej, 2
student7_2.c, E-RP-05, dlho aktívna premenná, 12
student7_2.c, E-RP-07, neoptimálne využívanie premenných, 1
student7_2.c, W-01, využívanie globálnej premennej, 2
student7_3.c, E-RP-05, dlho aktívna premenná, 12
student7_3.c, E-RP-07, neoptimálne využívanie premenných, 1
student7_3.c, W-01, využívanie globálnej premennej, 2
student7_4.c, E-RP-05, dlho aktívna premenná, 16
student7_4.c, E-RP-07, neoptimálne využívanie premenných, 1
student7_4.c, W-01, využívanie globálnej premennej, 2
student7_5.c, E-RP-05, dlho aktívna premenná, 16
student7_5.c, E-RP-07, neoptimálne využívanie premenných, 1
student7_5.c, W-01, využívanie globálnej premennej, 2
student7_6.c, E-RP-05, dlho aktívna premenná, 16
student7_6.c, E-RP-07, neoptimálne využívanie premenných, 1
student7_6.c, W-01, využívanie globálnej premennej, 2
student8_1.c, E-ST-01, neinicializovaná premenná, 1
student8_1.c, E-RP-05, dlho aktívna premenná, 7
student8_2.c, E-ST-01, neinicializovaná premenná, 1
student8_2.c, E-RP-05, dlho aktívna premenná, 7
student8_3.c, E-RP-05, dlho aktívna premenná, 7
student8_3.c, E-RP-07, neoptimálne využívanie premenných, 1
student8_4.c, E-RP-05, dlho aktívna premenná, 7
student8_4.c, E-RP-07, neoptimálne využívanie premenných, 1
student8_5.c, E-RP-05, dlho aktívna premenná, 6
student8_5.c, E-RP-07, neoptimálne využívanie premenných, 1
student8_6.c, E-RP-05, dlho aktívna premenná, 7
student8_6.c, E-RP-07, neoptimálne využívanie premenných, 1
student9_1.c, E-RP-05, dlho aktívna premenná, 5
student9_1.c, E-RP-07, neoptimálne využívanie premenných, 1
student9_2.c, E-RP-05, dlho aktívna premenná, 5
student9_2.c, E-RP-07, neoptimálne využívanie premenných, 1
student9_3.c, E-RP-05, dlho aktívna premenná, 7
student9_3.c, E-RP-07, neoptimálne využívanie premenných, 1
student9_4.c, E-RP-05, dlho aktívna premenná, 7
student9_4.c, E-RP-07, neoptimálne využívanie premenných, 1
